{
    "city": 1,
    "initialStart": [18.08998, 59.338],
    "trips": [
        {
            "summary": {
                "distance": 479,
                "duration": 109.8
            },
            "user": {
                "id": 81,
                "token": "eyJhbGciOiJIUzI1NiIsInR5cCI6IkpXVCJ9.eyJpZCI6ODEsInJvbGUiOiJ1c2VyIiwiaWF0IjoxNzAyNTUyNDk0LCJleHAiOjE3MzQwODg0OTR9.nIrQlAIMLJxV19jSuIAAtuAnji5M656Bcj5UyOb6Yz0"
            },
            "coords": [
                [18.08998, 59.338],
                [18.08996, 59.33808],
                [18.08995, 59.33826],
                [18.09006, 59.33825],
                [18.09011, 59.33832],
                [18.08995, 59.33831],
                [18.08959, 59.33829],
                [18.08947, 59.33828],
                [18.08934, 59.33823],
                [18.08911, 59.338],
                [18.08897, 59.33803],
                [18.088, 59.33822],
                [18.08784, 59.338],
                [18.08781, 59.33794],
                [18.08727, 59.33722],
                [18.08721, 59.33714],
                [18.08704, 59.33718],
                [18.0858, 59.33743],
                [18.08576, 59.33737],
                [18.08572, 59.33736],
                [18.08525, 59.33677]
            ]
        }
    ]
}
