{
    "city": 1,
    "initialStart": [
        18.03701,
        59.31744
    ],
    "trips": [
        {
            "summary": {
                "distance": 779.1,
                "duration": 168.9
            },
            "user": {
                "id": 2,
                "token": "eyJhbGciOiJIUzI1NiIsInR5cCI6IkpXVCJ9.eyJpZCI6Miwicm9sZSI6InVzZXIiLCJpYXQiOjE3MDI3Mjk3MzMsImV4cCI6MTczNDI2NTczM30.QCw6pZdFiCWgko17Z87WAse1JlZofn4vmI5Xt1M4x-4"
            },
            "coords": [
                [
                    18.03701,
                    59.31744
                ],
                [
                    18.03705,
                    59.31728
                ],
                [
                    18.03714,
                    59.31719
                ],
                [
                    18.03806,
                    59.31727
                ],
                [
                    18.03813,
                    59.31752
                ],
                [
                    18.03834,
                    59.31771
                ],
                [
                    18.03856,
                    59.31782
                ],
                [
                    18.03918,
                    59.31798
                ],
                [
                    18.03958,
                    59.31811
                ],
                [
                    18.03979,
                    59.31827
                ],
                [
                    18.03859,
                    59.31823
                ],
                [
                    18.03745,
                    59.31818
                ],
                [
                    18.03652,
                    59.31814
                ],
                [
                    18.03549,
                    59.31811
                ],
                [
                    18.03518,
                    59.31898
                ],
                [
                    18.03289,
                    59.31877
                ],
                [
                    18.03264,
                    59.31875
                ],
                [
                    18.03245,
                    59.31876
                ],
                [
                    18.0323,
                    59.3188
                ],
                [
                    18.03243,
                    59.31855
                ]
            ]
        }
    ]
}