{
    "city": 1,
    "initialStart": [
        18.01371,
        59.33784
    ],
    "trips": [
        {
            "summary": {
                "distance": 692,
                "duration": 154.2
            },
            "user": {
                "id": 3,
                "token": "eyJhbGciOiJIUzI1NiIsInR5cCI6IkpXVCJ9.eyJpZCI6Mywicm9sZSI6InVzZXIiLCJpYXQiOjE3MDI3Mjk3MzMsImV4cCI6MTczNDI2NTczM30.CHQwvIts2dFpzfcJEnYxBdylfF_96wXqOouw_28Y39Q"
            },
            "coords": [
                [
                    18.01371,
                    59.33784
                ],
                [
                    18.01378,
                    59.33796
                ],
                [
                    18.01384,
                    59.33825
                ],
                [
                    18.01395,
                    59.33822
                ],
                [
                    18.01418,
                    59.33817
                ],
                [
                    18.01427,
                    59.33823
                ],
                [
                    18.01374,
                    59.33844
                ],
                [
                    18.01352,
                    59.33855
                ],
                [
                    18.01264,
                    59.33857
                ],
                [
                    18.0128,
                    59.33968
                ],
                [
                    18.01212,
                    59.33973
                ],
                [
                    18.01149,
                    59.33975
                ],
                [
                    18.01091,
                    59.33977
                ],
                [
                    18.01042,
                    59.33979
                ],
                [
                    18.00955,
                    59.3398
                ],
                [
                    18.00945,
                    59.33895
                ],
                [
                    18.00935,
                    59.33822
                ],
                [
                    18.00929,
                    59.33806
                ],
                [
                    18.00922,
                    59.33799
                ]
            ]
        }
    ]
}